,Song Name,Danceability,Energy,Key,Loudness,Mode,Speechiness,Acousticness,Instramentalness,Liveness,Valence,Tempo,Type,ID,URI,Track Href,Analysis URL,Duration (ms),Time Signature
0,The Box,0.896,0.586,10,-6.687,0,0.0559,0.104,0.0,0.79,0.642,116.971,audio_features,0nbXyq5TXYPCO7pr3N8S4I,spotify:track:0nbXyq5TXYPCO7pr3N8S4I,https://api.spotify.com/v1/tracks/0nbXyq5TXYPCO7pr3N8S4I,https://api.spotify.com/v1/audio-analysis/0nbXyq5TXYPCO7pr3N8S4I,196653,4
1,Blinding Lights,0.513,0.796,1,-4.075,1,0.0629,0.00147,0.000209,0.0938,0.345,171.017,audio_features,0sf12qNH5qcw8qpgymFOqD,spotify:track:0sf12qNH5qcw8qpgymFOqD,https://api.spotify.com/v1/tracks/0sf12qNH5qcw8qpgymFOqD,https://api.spotify.com/v1/audio-analysis/0sf12qNH5qcw8qpgymFOqD,201573,4
2,Don't Start Now,0.794,0.793,11,-4.521,0,0.0842,0.0125,0.0,0.0952,0.677,123.941,audio_features,6WrI0LAC5M1Rw2MnX2ZvEg,spotify:track:6WrI0LAC5M1Rw2MnX2ZvEg,https://api.spotify.com/v1/tracks/6WrI0LAC5M1Rw2MnX2ZvEg,https://api.spotify.com/v1/audio-analysis/6WrI0LAC5M1Rw2MnX2ZvEg,183290,4
3,Dance Monkey,0.824,0.588,6,-6.4,0,0.0924,0.692,0.000104,0.149,0.513,98.027,audio_features,2XU0oxnq2qxCpomAAuJY8K,spotify:track:2XU0oxnq2qxCpomAAuJY8K,https://api.spotify.com/v1/tracks/2XU0oxnq2qxCpomAAuJY8K,https://api.spotify.com/v1/audio-analysis/2XU0oxnq2qxCpomAAuJY8K,209438,4
4,ROXANNE,0.621,0.601,6,-5.616,0,0.148,0.0522,0.0,0.46,0.457,116.735,audio_features,696DnlkuDOXcMAnKlTgXXK,spotify:track:696DnlkuDOXcMAnKlTgXXK,https://api.spotify.com/v1/tracks/696DnlkuDOXcMAnKlTgXXK,https://api.spotify.com/v1/audio-analysis/696DnlkuDOXcMAnKlTgXXK,163636,5
5,Yummy,0.662,0.519,9,-6.554,0,0.106,0.404,0.0,0.121,0.495,145.841,audio_features,41L3O37CECZt3N7ziG2z7l,spotify:track:41L3O37CECZt3N7ziG2z7l,https://api.spotify.com/v1/tracks/41L3O37CECZt3N7ziG2z7l,https://api.spotify.com/v1/audio-analysis/41L3O37CECZt3N7ziG2z7l,210427,4
6,Circles,0.695,0.762,0,-3.497,1,0.0395,0.192,0.00244,0.0863,0.553,120.042,audio_features,21jGcNKet2qwijlDFuPiPb,spotify:track:21jGcNKet2qwijlDFuPiPb,https://api.spotify.com/v1/tracks/21jGcNKet2qwijlDFuPiPb,https://api.spotify.com/v1/audio-analysis/21jGcNKet2qwijlDFuPiPb,215280,4
7,Life Is Good (feat. Drake),0.676,0.609,2,-5.831,0,0.481,0.0706,0.0,0.152,0.508,142.037,audio_features,5yY9lUy8nbvjM1Uyo1Uqoc,spotify:track:5yY9lUy8nbvjM1Uyo1Uqoc,https://api.spotify.com/v1/tracks/5yY9lUy8nbvjM1Uyo1Uqoc,https://api.spotify.com/v1/audio-analysis/5yY9lUy8nbvjM1Uyo1Uqoc,237735,4
8,Falling,0.784,0.43,10,-8.756,0,0.0364,0.123,0.0,0.0887,0.236,127.087,audio_features,4TnjEaWOeW0eKTKIEvJyCa,spotify:track:4TnjEaWOeW0eKTKIEvJyCa,https://api.spotify.com/v1/tracks/4TnjEaWOeW0eKTKIEvJyCa,https://api.spotify.com/v1/audio-analysis/4TnjEaWOeW0eKTKIEvJyCa,159382,4
9,Memories,0.764,0.32,11,-7.209,1,0.0546,0.837,0.0,0.0822,0.575,91.019,audio_features,2b8fOow8UzyDFAE27YhOZM,spotify:track:2b8fOow8UzyDFAE27YhOZM,https://api.spotify.com/v1/tracks/2b8fOow8UzyDFAE27YhOZM,https://api.spotify.com/v1/audio-analysis/2b8fOow8UzyDFAE27YhOZM,189486,4
10,Lose Control,0.598,0.526,10,-8.659,0,0.0415,0.129,0.0,0.14,0.529,123.935,audio_features,7CHi4DtfK4heMlQaudCuHK,spotify:track:7CHi4DtfK4heMlQaudCuHK,https://api.spotify.com/v1/tracks/7CHi4DtfK4heMlQaudCuHK,https://api.spotify.com/v1/audio-analysis/7CHi4DtfK4heMlQaudCuHK,168387,4
11,Never Seen The Rain,0.672,0.464,6,-5.624,0,0.037,0.43,0.0,0.284,0.271,92.069,audio_features,0JQ5MbyriK6ruD3t6RZ7ix,spotify:track:0JQ5MbyriK6ruD3t6RZ7ix,https://api.spotify.com/v1/tracks/0JQ5MbyriK6ruD3t6RZ7ix,https://api.spotify.com/v1/audio-analysis/0JQ5MbyriK6ruD3t6RZ7ix,200742,4
12,Adore You,0.676,0.771,8,-3.675,1,0.0483,0.0237,7e-06,0.102,0.569,99.048,audio_features,3jjujdWJ72nww5eGnfs2E7,spotify:track:3jjujdWJ72nww5eGnfs2E7,https://api.spotify.com/v1/tracks/3jjujdWJ72nww5eGnfs2E7,https://api.spotify.com/v1/audio-analysis/3jjujdWJ72nww5eGnfs2E7,207133,4
13,Before You Go,0.459,0.575,3,-4.858,1,0.0573,0.604,0.0,0.0885,0.183,111.881,audio_features,2gMXnyrvIjhVBUZwvLZDMP,spotify:track:2gMXnyrvIjhVBUZwvLZDMP,https://api.spotify.com/v1/tracks/2gMXnyrvIjhVBUZwvLZDMP,https://api.spotify.com/v1/audio-analysis/2gMXnyrvIjhVBUZwvLZDMP,215107,4
14,Ride It,0.88,0.751,7,-4.258,0,0.0874,0.177,6.43e-05,0.106,0.884,117.948,audio_features,2tnVG71enUj33Ic2nFN6kZ,spotify:track:2tnVG71enUj33Ic2nFN6kZ,https://api.spotify.com/v1/tracks/2tnVG71enUj33Ic2nFN6kZ,https://api.spotify.com/v1/audio-analysis/2tnVG71enUj33Ic2nFN6kZ,157606,4
15,everything i wanted,0.704,0.225,6,-14.454,0,0.0994,0.902,0.657,0.106,0.243,120.006,audio_features,3ZCTVFBt2Brf31RLEnCkWJ,spotify:track:3ZCTVFBt2Brf31RLEnCkWJ,https://api.spotify.com/v1/tracks/3ZCTVFBt2Brf31RLEnCkWJ,https://api.spotify.com/v1/audio-analysis/3ZCTVFBt2Brf31RLEnCkWJ,245426,4
16,SUGAR,0.453,0.538,1,-8.212,1,0.0638,0.449,0.0,0.19,0.516,122.973,audio_features,6U0FIYXCQ3TGrk4tFpLrEA,spotify:track:6U0FIYXCQ3TGrk4tFpLrEA,https://api.spotify.com/v1/tracks/6U0FIYXCQ3TGrk4tFpLrEA,https://api.spotify.com/v1/audio-analysis/6U0FIYXCQ3TGrk4tFpLrEA,204533,4
17,Rare,0.838,0.545,5,-6.713,1,0.0706,0.208,8.01e-05,0.103,0.631,114.998,audio_features,7HMmFQsKsljwTw8bS7lu19,spotify:track:7HMmFQsKsljwTw8bS7lu19,https://api.spotify.com/v1/tracks/7HMmFQsKsljwTw8bS7lu19,https://api.spotify.com/v1/audio-analysis/7HMmFQsKsljwTw8bS7lu19,220590,4
18,My Oh My (feat. DaBaby),0.724,0.491,8,-6.024,1,0.0296,0.018,1.29e-05,0.0887,0.383,105.046,audio_features,3yOlyBJuViE2YSGn3nVE1K,spotify:track:3yOlyBJuViE2YSGn3nVE1K,https://api.spotify.com/v1/tracks/3yOlyBJuViE2YSGn3nVE1K,https://api.spotify.com/v1/audio-analysis/3yOlyBJuViE2YSGn3nVE1K,170746,4
19,hot girl bummer,0.778,0.559,6,-7.109,0,0.0776,0.128,0.0,0.399,0.678,129.989,audio_features,7aiClxsDWFRQ0Kzk5KI5ku,spotify:track:7aiClxsDWFRQ0Kzk5KI5ku,https://api.spotify.com/v1/tracks/7aiClxsDWFRQ0Kzk5KI5ku,https://api.spotify.com/v1/audio-analysis/7aiClxsDWFRQ0Kzk5KI5ku,185093,1
20,Someone You Loved,0.501,0.405,1,-5.679,1,0.0319,0.751,0.0,0.105,0.446,109.891,audio_features,7qEHsqek33rTcFNT9PFqLf,spotify:track:7qEHsqek33rTcFNT9PFqLf,https://api.spotify.com/v1/tracks/7qEHsqek33rTcFNT9PFqLf,https://api.spotify.com/v1/audio-analysis/7qEHsqek33rTcFNT9PFqLf,182161,4
21,Lose You To Love Me,0.488,0.343,4,-8.985,1,0.0436,0.556,0.0,0.21,0.0978,102.819,audio_features,4l0Mvzj72xxOpRrp6h8nHi,spotify:track:4l0Mvzj72xxOpRrp6h8nHi,https://api.spotify.com/v1/tracks/4l0Mvzj72xxOpRrp6h8nHi,https://api.spotify.com/v1/audio-analysis/4l0Mvzj72xxOpRrp6h8nHi,206459,4
22,Rushing Back,0.574,0.612,0,-4.741,1,0.0781,0.357,0.0,0.158,0.368,136.046,audio_features,2zoNNEAyPK2OGDfajardlY,spotify:track:2zoNNEAyPK2OGDfajardlY,https://api.spotify.com/v1/tracks/2zoNNEAyPK2OGDfajardlY,https://api.spotify.com/v1/audio-analysis/2zoNNEAyPK2OGDfajardlY,231663,3
23,Trampoline (with ZAYN),0.619,0.459,7,-5.782,0,0.0334,0.56,0.0,0.137,0.498,126.803,audio_features,2ez6qvOTHKeI3ss80NGqnI,spotify:track:2ez6qvOTHKeI3ss80NGqnI,https://api.spotify.com/v1/tracks/2ez6qvOTHKeI3ss80NGqnI,https://api.spotify.com/v1/audio-analysis/2ez6qvOTHKeI3ss80NGqnI,184280,4
24,South of the Border (feat. Camila Cabello & Cardi B),0.857,0.621,9,-6.376,0,0.0824,0.148,0.0,0.0865,0.668,97.986,audio_features,4vUmTMuQqjdnvlZmAH61Qk,spotify:track:4vUmTMuQqjdnvlZmAH61Qk,https://api.spotify.com/v1/tracks/4vUmTMuQqjdnvlZmAH61Qk,https://api.spotify.com/v1/audio-analysis/4vUmTMuQqjdnvlZmAH61Qk,204467,4
25,Watermelon Sugar,0.548,0.816,0,-4.209,1,0.0465,0.122,0.0,0.335,0.557,95.39,audio_features,6UelLqGlWMcVH1E5c4H7lY,spotify:track:6UelLqGlWMcVH1E5c4H7lY,https://api.spotify.com/v1/tracks/6UelLqGlWMcVH1E5c4H7lY,https://api.spotify.com/v1/audio-analysis/6UelLqGlWMcVH1E5c4H7lY,174000,4
26,Glitter,0.801,0.589,7,-5.157,1,0.0485,0.0863,0.0,0.162,0.58,116.934,audio_features,23TPP1eeElFfvYVznskwCY,spotify:track:23TPP1eeElFfvYVznskwCY,https://api.spotify.com/v1/tracks/23TPP1eeElFfvYVznskwCY,https://api.spotify.com/v1/audio-analysis/23TPP1eeElFfvYVznskwCY,180147,4
27,bad guy,0.701,0.425,7,-10.965,1,0.375,0.328,0.13,0.1,0.562,135.128,audio_features,2Fxmhks0bxGSBdJ92vM42m,spotify:track:2Fxmhks0bxGSBdJ92vM42m,https://api.spotify.com/v1/tracks/2Fxmhks0bxGSBdJ92vM42m,https://api.spotify.com/v1/audio-analysis/2Fxmhks0bxGSBdJ92vM42m,194088,4
28,German,0.786,0.847,11,-6.365,0,0.141,0.0983,1.22e-06,0.212,0.509,139.904,audio_features,4pMEp90aY5XZcQQGaH7ahu,spotify:track:4pMEp90aY5XZcQQGaH7ahu,https://api.spotify.com/v1/tracks/4pMEp90aY5XZcQQGaH7ahu,https://api.spotify.com/v1/audio-analysis/4pMEp90aY5XZcQQGaH7ahu,234791,4
29,Se√±orita,0.759,0.548,9,-6.049,0,0.029,0.0392,0.0,0.0828,0.749,116.967,audio_features,6v3KW9xbzN5yKLt9YKDYA2,spotify:track:6v3KW9xbzN5yKLt9YKDYA2,https://api.spotify.com/v1/tracks/6v3KW9xbzN5yKLt9YKDYA2,https://api.spotify.com/v1/audio-analysis/6v3KW9xbzN5yKLt9YKDYA2,190800,4
30,Good as Hell (feat. Ariana Grande) - Remix,0.668,0.892,5,-3.001,0,0.0645,0.298,0.0,0.735,0.478,95.927,audio_features,07Oz5StQ7GRoygNLaXs2pd,spotify:track:07Oz5StQ7GRoygNLaXs2pd,https://api.spotify.com/v1/tracks/07Oz5StQ7GRoygNLaXs2pd,https://api.spotify.com/v1/audio-analysis/07Oz5StQ7GRoygNLaXs2pd,159011,4
31,No Idea,0.656,0.614,6,-4.973,0,0.102,0.558,0.000862,0.215,0.35,128.038,audio_features,3VyjsVV24RmBIbWJAeUJNu,spotify:track:3VyjsVV24RmBIbWJAeUJNu,https://api.spotify.com/v1/tracks/3VyjsVV24RmBIbWJAeUJNu,https://api.spotify.com/v1/audio-analysis/3VyjsVV24RmBIbWJAeUJNu,153750,4
32,Turn Me On (feat. Vula),0.737,0.828,11,-4.711,1,0.0396,0.0149,0.000583,0.0862,0.517,124.052,audio_features,0qaWEvPkts34WF68r8Dzx9,spotify:track:0qaWEvPkts34WF68r8Dzx9,https://api.spotify.com/v1/tracks/0qaWEvPkts34WF68r8Dzx9,https://api.spotify.com/v1/audio-analysis/0qaWEvPkts34WF68r8Dzx9,208474,4
33,Post Malone (feat. RANI),0.59,0.642,7,-3.87,1,0.122,0.0771,0.0,0.105,0.651,107.356,audio_features,36orMWv2PgvnzXsd5CJ0yL,spotify:track:36orMWv2PgvnzXsd5CJ0yL,https://api.spotify.com/v1/tracks/36orMWv2PgvnzXsd5CJ0yL,https://api.spotify.com/v1/audio-analysis/36orMWv2PgvnzXsd5CJ0yL,174444,4
34,One Thing Right,0.659,0.623,4,-2.253,1,0.0451,0.0667,0.0,0.582,0.439,88.042,audio_features,4hPpVbbakQNv8YTHYaOJP4,spotify:track:4hPpVbbakQNv8YTHYaOJP4,https://api.spotify.com/v1/tracks/4hPpVbbakQNv8YTHYaOJP4,https://api.spotify.com/v1/audio-analysis/4hPpVbbakQNv8YTHYaOJP4,181824,4
35,Sunflower - Spider-Man: Into the Spider-Verse,0.755,0.522,2,-4.368,1,0.0575,0.533,0.0,0.0685,0.925,89.96,audio_features,0RiRZpuVRbi7oqRdSMwhQY,spotify:track:0RiRZpuVRbi7oqRdSMwhQY,https://api.spotify.com/v1/tracks/0RiRZpuVRbi7oqRdSMwhQY,https://api.spotify.com/v1/audio-analysis/0RiRZpuVRbi7oqRdSMwhQY,157560,4
36,"10,000 Hours (with Justin Bieber)",0.654,0.63,10,-4.644,1,0.0259,0.153,0.0,0.111,0.43,89.991,audio_features,2wrJq5XKLnmhRXHIAf9xBa,spotify:track:2wrJq5XKLnmhRXHIAf9xBa,https://api.spotify.com/v1/tracks/2wrJq5XKLnmhRXHIAf9xBa,https://api.spotify.com/v1/audio-analysis/2wrJq5XKLnmhRXHIAf9xBa,167693,4
37,Good News,0.794,0.32,1,-12.92,0,0.173,0.853,0.134,0.112,0.241,174.088,audio_features,3ClBKQkKoaUQ6UOhe2xlJK,spotify:track:3ClBKQkKoaUQ6UOhe2xlJK,https://api.spotify.com/v1/tracks/3ClBKQkKoaUQ6UOhe2xlJK,https://api.spotify.com/v1/audio-analysis/3ClBKQkKoaUQ6UOhe2xlJK,342040,4
38,Yellow Hearts,0.865,0.438,7,-8.943,1,0.0719,0.177,0.0,0.0743,0.695,129.038,audio_features,2W4yABdLc4Jnds67Poi5Nl,spotify:track:2W4yABdLc4Jnds67Poi5Nl,https://api.spotify.com/v1/tracks/2W4yABdLc4Jnds67Poi5Nl,https://api.spotify.com/v1/audio-analysis/2W4yABdLc4Jnds67Poi5Nl,223258,4
39,Say So,0.787,0.673,11,-4.577,0,0.158,0.256,3.57e-06,0.0904,0.786,110.962,audio_features,3Dv1eDb0MEgF93GpLXlucZ,spotify:track:3Dv1eDb0MEgF93GpLXlucZ,https://api.spotify.com/v1/tracks/3Dv1eDb0MEgF93GpLXlucZ,https://api.spotify.com/v1/audio-analysis/3Dv1eDb0MEgF93GpLXlucZ,237893,4
40,Up All Night,0.665,0.712,1,-7.536,1,0.0527,0.00103,0.00342,0.102,0.669,93.989,audio_features,1mpD5Q8IM32I4bF6eCpU74,spotify:track:1mpD5Q8IM32I4bF6eCpU74,https://api.spotify.com/v1/tracks/1mpD5Q8IM32I4bF6eCpU74,https://api.spotify.com/v1/audio-analysis/1mpD5Q8IM32I4bF6eCpU74,157220,4
41,I Don't Care (with Justin Bieber),0.798,0.675,6,-5.041,1,0.0442,0.0912,0.0,0.0894,0.842,101.956,audio_features,0hVXuCcriWRGvwMV1r5Yn9,spotify:track:0hVXuCcriWRGvwMV1r5Yn9,https://api.spotify.com/v1/tracks/0hVXuCcriWRGvwMV1r5Yn9,https://api.spotify.com/v1/audio-analysis/0hVXuCcriWRGvwMV1r5Yn9,219947,4
42,Beautiful People (feat. Khalid),0.64,0.648,5,-8.113,0,0.187,0.124,0.0,0.0802,0.548,92.977,audio_features,70eFcWOvlMObDhURTqT4Fv,spotify:track:70eFcWOvlMObDhURTqT4Fv,https://api.spotify.com/v1/tracks/70eFcWOvlMObDhURTqT4Fv,https://api.spotify.com/v1/audio-analysis/70eFcWOvlMObDhURTqT4Fv,197867,4
43,Purple Hat,0.777,0.744,9,-7.42,1,0.204,0.331,0.0073,0.088,0.654,94.019,audio_features,0bGH7ezs7WdDwpqnsvGf1z,spotify:track:0bGH7ezs7WdDwpqnsvGf1z,https://api.spotify.com/v1/tracks/0bGH7ezs7WdDwpqnsvGf1z,https://api.spotify.com/v1/audio-analysis/0bGH7ezs7WdDwpqnsvGf1z,178369,4
44,You should be sad,0.591,0.585,2,-6.35,1,0.0277,0.143,0.0,0.109,0.324,110.94,audio_features,2usxQITOSDqvkYiI0oIwao,spotify:track:2usxQITOSDqvkYiI0oIwao,https://api.spotify.com/v1/tracks/2usxQITOSDqvkYiI0oIwao,https://api.spotify.com/v1/audio-analysis/2usxQITOSDqvkYiI0oIwao,205473,4
45,Sorry,0.744,0.79,8,-4.617,0,0.0562,0.0547,0.000802,0.32,0.847,125.002,audio_features,6y1UtRcHQU07aUs3oxZ8Yn,spotify:track:6y1UtRcHQU07aUs3oxZ8Yn,https://api.spotify.com/v1/tracks/6y1UtRcHQU07aUs3oxZ8Yn,https://api.spotify.com/v1/audio-analysis/6y1UtRcHQU07aUs3oxZ8Yn,188640,4
46,Castles,0.672,0.752,4,-4.866,1,0.0843,0.0046,0.00047,0.056,0.429,116.945,audio_features,5tZWtGT65sMrDVPB5H444n,spotify:track:5tZWtGT65sMrDVPB5H444n,https://api.spotify.com/v1/tracks/5tZWtGT65sMrDVPB5H444n,https://api.spotify.com/v1/audio-analysis/5tZWtGT65sMrDVPB5H444n,211843,4
47,Own It (feat. Ed Sheeran & Burna Boy),0.817,0.781,7,-4.178,0,0.112,0.00838,5.21e-06,0.123,0.359,104.0,audio_features,4QPEwDdOMhY7rNS05mTyMR,spotify:track:4QPEwDdOMhY7rNS05mTyMR,https://api.spotify.com/v1/tracks/4QPEwDdOMhY7rNS05mTyMR,https://api.spotify.com/v1/audio-analysis/4QPEwDdOMhY7rNS05mTyMR,216707,4
48,Eleven,0.701,0.396,4,-10.182,0,0.119,0.112,0.0209,0.223,0.115,129.004,audio_features,1ToprX3cpBiXoAe5eNSk74,spotify:track:1ToprX3cpBiXoAe5eNSk74,https://api.spotify.com/v1/tracks/1ToprX3cpBiXoAe5eNSk74,https://api.spotify.com/v1/audio-analysis/1ToprX3cpBiXoAe5eNSk74,206361,4
49,Heartless,0.531,0.75,10,-5.831,0,0.111,0.00632,7.6e-05,0.117,0.198,169.954,audio_features,57vxBYXtHMk6H1aD29V7PU,spotify:track:57vxBYXtHMk6H1aD29V7PU,https://api.spotify.com/v1/tracks/57vxBYXtHMk6H1aD29V7PU,https://api.spotify.com/v1/audio-analysis/57vxBYXtHMk6H1aD29V7PU,200080,4
